width_cm,length_cm,height_cm,num_computers,hours_per_day,lighting_type,has_ac,climate_factor,monthly_kwh,sustainability_score
502,935,274,12,11.18390181036444,Other,0,Cool,721.3703947397694,88.78181960102492
730,958,347,28,11.810661675386235,Other,1,Cool,1708.102442049795,85.92248284446872
708,1269,347,34,6.548069328139314,LED,0,Hot,1064.8428809326406,88.16889166604703
859,813,281,29,7.4947496823765025,LED,0,Hot,1031.9721744910503,84.48261059985606
458,1010,301,32,15.68506622609751,Fluorescent,0,Cool,2445.234246350849,59.87655404419084
962,1375,314,7,14.319284880835847,LED,0,Cool,729.1464756103566,100.0
1046,520,332,22,15.38662644704,Other,0,Hot,1672.3551833430615,71.4781055756
739,591,319,11,11.31995989339145,LED,1,Cool,651.0665301778,95.65384964980674
1175,1442,294,18,8.692727290878889,Fluorescent,1,Cool,1282.9424840693298,89.8490572245238
789,1065,263,33,15.635015533174702,LED,1,Warm,2624.711684955252,78.24641082910465
1129,1055,293,14,14.737928205131785,Fluorescent,0,Cool,1508.8454426891594,86.35309417114544
855,961,346,25,8.664127476273784,Fluorescent,0,Cool,1198.4637435581396,86.56880188165174
737,1378,312,28,8.281039920323071,Fluorescent,0,Warm,1317.9758323844885,83.68109541869848
440,656,274,5,4.187636880894328,Fluorescent,1,Cool,149.08297942056407,91.22991640078607
920,843,260,12,4.066265405483229,Other,1,Hot,771.8927629968169,82.34406539992128
1074,918,292,9,15.115610542160187,LED,1,Cool,934.6041418340418,98.50726192907825
440,527,266,13,11.479577521930695,Other,1,Hot,840.0355092617289,62.76152984037216
806,1073,347,39,11.095573452492726,Other,1,Hot,2620.0370638607146,72.53883596942832
1125,1486,294,5,8.595122497045478,LED,0,Cool,389.8318090627147,100.0
797,1370,286,13,12.527954676229449,Other,0,Warm,1102.7944057013656,89.9371557657652
953,1391,336,36,11.636924935165364,LED,0,Cool,2126.2853954932198,95.45244335119439
1133,984,282,19,13.066613662516584,Fluorescent,1,Warm,1640.7458625173115,81.56248297665904
435,1024,291,11,7.477017434965216,Other,1,Cool,488.7260994190171,92.45927113854115
1045,1295,287,24,14.710707981879732,Fluorescent,1,Cool,2398.4729567975232,82.64914946340318
730,1139,348,37,7.265586992615624,Other,1,Hot,1682.006064510233,78.37396235561866
1109,955,286,13,9.8179596563078,Other,0,Hot,781.9252637041917,84.83709314358745
624,1318,303,28,15.31491644695023,Other,0,Hot,2255.9577900494987,71.89417423522403
632,1191,321,16,7.02138754990437,Other,0,Cool,568.4381208290579,95.29478667171443
785,886,315,21,7.2013721713034204,Fluorescent,1,Warm,994.4993269295114,82.9213649827863
1135,724,260,23,12.168465418657203,Other,0,Hot,1525.2773936109668,75.72187914939437
452,1183,349,36,10.634717068855934,Fluorescent,0,Cool,1821.2220797703305,75.4815963064502
583,622,276,28,9.643607613352462,LED,1,Warm,1366.0032749319296,74.70307574187048
1009,697,345,15,13.797182478632607,Fluorescent,0,Cool,1195.341195946494,85.14676494135284
586,825,339,33,14.300305657764639,Other,1,Cool,2362.3723882310774,71.17116511417504
1163,1454,295,23,12.533794389256213,Other,1,Warm,2152.4674308702047,88.37020563469267
1110,1319,292,22,14.052521270887937,Other,1,Cool,2080.987709812545,90.26471017617214
1178,1487,316,29,6.508859448852564,Fluorescent,0,Cool,1302.989274418153,90.29209712265293
662,1263,275,30,15.786020119953227,Other,1,Hot,2956.842773553821,64.28040095347788
971,1380,261,5,5.11723321367079,Other,1,Hot,957.4006764156961,84.52499018590204
498,1158,307,20,14.765323119430924,Fluorescent,1,Cool,1715.312966819826,75.62252930847313
551,553,292,28,14.211141385210153,LED,1,Cool,1953.8513589514266,61.08004005716443
511,1009,348,39,15.683966041063808,LED,0,Cool,3130.8418332137126,70.10205824866935
737,1205,313,39,11.823535114031205,Other,0,Hot,2412.498296780454,72.64206176203089
797,776,307,24,8.39762541499432,Fluorescent,0,Warm,1012.0346206920618,81.33976086518172
791,634,326,21,7.696729502228671,Fluorescent,1,Hot,1149.2690041054673,70.94054946512499
869,874,281,34,15.676126657029346,Fluorescent,0,Hot,3177.3931505840487,55.22420116638233
764,1062,313,12,11.573663511967155,Other,0,Hot,850.9026426698415,83.29887598605728
683,1378,323,37,6.3429158535765335,Other,1,Hot,1831.7074048728796,77.94926175580632
1058,1015,294,21,15.934606129568092,Fluorescent,0,Warm,1839.1366894334292,80.34948928480728
917,598,296,28,7.969003656046164,Fluorescent,0,Warm,1121.392161083691,78.1826333846805
701,680,319,37,4.9041550720735385,LED,1,Hot,1063.8266917988608,81.00788826216676
560,755,326,22,10.681615149500201,LED,0,Hot,1091.6405816345764,79.15993026863596
1134,1065,317,7,10.84073404107238,Fluorescent,0,Cool,742.7359790538627,91.11990344239177
1062,1461,286,6,7.870609170863206,Fluorescent,0,Hot,555.4501187149239,82.49657667822905
503,1428,268,33,7.558121723773581,Other,0,Hot,1155.502086157313,77.99479050529267
807,1024,319,11,10.018195536246395,Fluorescent,1,Cool,773.5816400795019,89.13089370523485
1084,519,324,12,12.42360252709244,LED,1,Warm,921.3176784302847,91.89124316001197
870,642,325,36,10.939361691954087,LED,0,Cool,1880.2462040747296,84.28394408416746
450,1164,317,26,11.089999126828129,Other,0,Cool,1403.0375000372674,83.1004742094923
843,1112,267,9,9.487181939364742,Other,1,Cool,689.5225319621968,94.49021268440725
1173,1376,306,39,11.649158817978478,Other,0,Cool,2242.9769517109276,90.9172589188537
1056,619,322,23,9.267657048467633,Other,1,Hot,1471.1599996941557,76.02089185016592
745,1240,349,27,9.139773699281292,LED,1,Hot,1704.0031778985497,84.42946396255067
1033,1012,293,36,10.590719976473446,Other,1,Cool,2060.2034083810477,86.54785181862957
959,1100,260,20,10.2003550891188,Other,0,Hot,1129.9584308382514,81.76036787418238
646,1462,335,30,8.271672143815138,Fluorescent,1,Hot,2040.0433891276248,72.10430650029875
485,1196,288,18,5.101588789761303,Other,1,Warm,627.0473036128399,89.49302630076534
852,703,275,30,13.16037307604693,Other,1,Cool,1941.3163874239192,76.42787677924535
740,1050,292,34,11.79728419171316,LED,0,Cool,1910.9752154777368,88.1546057414561
1161,1158,317,36,14.277878094259867,Fluorescent,0,Hot,2964.6647372492052,71.08748831610254
724,1015,275,28,15.326699254729085,Other,0,Hot,2330.530020632448,66.93532204642618
1089,1174,292,37,13.734450120832037,LED,0,Cool,2617.9336419262895,90.97477614775532
826,1112,271,7,13.845122125255216,Other,0,Cool,698.888132073022,94.38456330112308
684,896,271,35,8.52710899873571,LED,0,Warm,1463.4341429244341,84.37740840169745
652,998,294,27,4.854263781522748,LED,0,Warm,677.0451196807102,94.92181123985053
1001,917,266,8,12.314684304303272,Other,1,Cool,751.8189084492022,93.84173759965404
1025,992,334,33,4.470235920107755,Other,0,Hot,828.4250963633401,85.12133229785508
1075,893,332,28,13.682016871207168,Other,1,Cool,2088.5040205597056,86.89408628199276
1088,598,295,22,7.0001973905932555,Fluorescent,1,Cool,914.0235021167015,85.47565182674488
1135,536,271,17,12.878905125368494,LED,0,Hot,1115.3868376223156,81.46913475898404
1197,772,321,24,13.917489593292899,Fluorescent,1,Warm,2182.6667214692784,77.28362183073189
576,1111,271,23,5.095440121433603,Fluorescent,1,Hot,972.8027474576236,73.78113425436612
854,1295,337,35,15.407285763250673,LED,0,Cool,2938.7027721634818,89.23012981373608
468,598,271,29,10.64443662814961,Fluorescent,1,Cool,1574.9002657855276,53.46954166917111
868,983,312,27,13.37555260565443,LED,0,Cool,1959.2149593052723,90.28079863209484
1150,1087,268,14,14.043566490848486,Other,1,Cool,1409.00943194722,91.58833985776558
652,729,266,17,6.670917010852366,Fluorescent,0,Warm,632.2747899607601,81.99817846706
593,1016,288,23,10.975665006721387,Fluorescent,0,Cool,1318.7702837658596,79.7994865116048
764,1332,345,21,15.366982928606305,Fluorescent,0,Cool,1852.307018182406,84.44820635464507
844,1375,313,31,6.984689853163456,Other,0,Cool,1156.426878140538,93.63265047350397
930,538,326,17,8.862425041377005,LED,0,Warm,803.6816405425874,92.1455765840874
855,1328,298,5,12.172473125162908,Fluorescent,1,Cool,774.4836004783702,90.4221477900394
747,689,322,29,14.423189538273522,Fluorescent,0,Cool,2128.5122682571905,69.3131731672405
628,1175,278,24,4.905214565077231,Fluorescent,0,Warm,663.0023499308833,85.53597902339145
446,732,308,18,7.533927362073158,Fluorescent,1,Warm,817.1582479156563,75.7467764798736
411,829,275,12,8.734261583297558,Fluorescent,1,Cool,560.9737261837602,83.02588374085369
807,1167,267,32,11.762180340024686,LED,1,Cool,1786.825866836582,90.78795498471825
939,1231,300,31,12.37794056823694,LED,0,Hot,1887.1351322992778,84.1160109645351
544,700,292,24,11.233382584279582,Fluorescent,0,Cool,1298.1837962377056,71.6500266879082
946,752,265,22,8.99966869286175,Other,1,Hot,1399.9444566531183,75.14796548066572
1108,1314,284,6,4.992981040423674,Other,0,Cool,346.9083577233332,98.32200256355779
404,618,292,5,9.764440982396255,Other,0,Cool,292.63707970836737,91.97201304252638
638,676,270,25,12.994939599712865,LED,0,Hot,1635.1670910091505,66.91586869495556
1088,960,292,38,4.441862411631897,LED,1,Cool,899.0506641299448,99.10435694205346
910,884,280,10,12.300572766026944,Other,0,Hot,855.8250493355434,82.40088003246674
1170,936,282,14,14.195768688128938,Other,0,Hot,1281.7127170707859,81.69939265653335
544,584,337,13,5.54991298181794,LED,1,Hot,527.9750574209128,85.13716530867735
845,948,291,38,8.297952616394086,Other,1,Warm,1816.282857968035,81.41684306122536
471,1050,285,38,9.71452836146817,LED,1,Cool,1717.2702004571481,80.6323547657942
453,735,264,34,14.51984323190014,Fluorescent,1,Cool,2493.0854289288277,38.27458417738616
800,1123,306,27,13.061647068083428,Other,1,Warm,2239.41221559157,80.7080574937029
834,602,297,38,8.207050705679164,Fluorescent,0,Cool,1594.0434523098584,73.61982970005272
497,1349,289,19,9.249699064284748,Fluorescent,0,Cool,963.7348296080394,85.05233001030813
565,980,347,19,8.758513387855242,Other,0,Hot,896.2854490536994,80.67019980280732
1158,605,310,21,15.394247483891705,Fluorescent,0,Warm,1626.851126292689,77.0186075764465
468,1045,265,6,7.945019323450099,LED,0,Warm,272.0417200721157,97.80185446131755
1146,542,334,27,5.53655006749327,Fluorescent,0,Warm,741.2982849452205,84.85351280259346
1095,780,326,36,9.68753968315447,Other,1,Hot,2283.5299333593885,73.59748730332586
492,1171,309,23,13.86148764213339,Other,0,Hot,1522.2203540862376,72.89878200460223
933,904,329,5,10.413082044790276,Other,1,Hot,841.9262231701846,83.93182551519507
923,845,305,38,5.544980779595727,LED,0,Warm,956.34123204702,93.95947092230767
1193,748,306,26,4.981108383386463,LED,0,Hot,624.6317230340848,90.42500562408554
749,606,322,21,7.322531777766445,Other,0,Warm,795.4459940143417,86.11495118262157
652,1191,338,26,6.8333983974088515,Fluorescent,0,Hot,995.0092516864506,77.41804753931088
427,1482,337,28,12.646192736697579,Fluorescent,0,Hot,1870.191011643206,67.46079187735874
1149,862,277,39,8.76596599004899,Other,1,Hot,2192.136559268651,74.01949360894541
591,1484,287,14,10.767581104226036,Fluorescent,1,Cool,935.1492817558379,87.56967753785425
924,711,284,8,8.261251639351658,LED,1,Warm,542.0308991357219,96.1897592440407
632,608,277,26,11.04209341625055,LED,0,Warm,1325.7130558121514,77.08969171326834
994,1053,300,10,14.795768765740148,LED,1,Cool,1036.9171038522147,98.39552921293372
719,1237,318,10,11.269297832282646,Other,1,Hot,1205.756357460168,81.47363645348672
1109,1081,263,34,6.238804288615669,Other,1,Hot,1760.1642572730545,78.83470493040375
749,1106,283,13,4.9628049479397065,LED,0,Cool,319.21926112162276,100.0
947,1419,265,6,10.91198101366792,Other,0,Hot,668.6787747298075,86.24448686508134
474,503,338,10,15.70080595534171,LED,1,Hot,971.4490741023013,70.89056641842448
973,940,325,19,10.420440784538926,Other,0,Warm,1115.514275593314,89.4944750449144
425,934,304,9,6.2445249826902804,LED,0,Warm,279.0142335629928,97.3756897401404
624,1031,271,5,11.327440509299592,Fluorescent,0,Warm,430.760899195476,87.05855774432516
719,1049,296,15,15.18417210708321,LED,0,Hot,1249.4882523090007,83.80649536908848
1089,509,264,27,10.587063758667728,LED,1,Hot,1532.6804924208889,74.0525078401926
412,667,261,24,7.055687857165166,Fluorescent,0,Cool,865.5517993424705,70.86432207000867
949,918,308,9,13.967432893452749,LED,0,Warm,777.0707989460285,96.20796770494533
635,1445,337,15,15.260085481852453,LED,0,Hot,1270.3507898679331,86.78358845096108
748,1339,270,18,13.594445571034187,Fluorescent,1,Hot,2212.474603100111,68.63702183796619
690,1224,296,9,6.828300952779998,Other,0,Warm,430.35431631836735,93.55702444517433
1000,1248,301,29,12.195784761005589,LED,0,Warm,1842.0077794760402,92.19290516932853
694,1115,273,36,9.552157428035278,LED,1,Cool,1794.386664290692,88.01173434268948
542,1492,284,21,14.794894879294821,LED,1,Warm,1696.934732889087,87.22223742146247
902,1461,337,10,15.277985483361702,Fluorescent,0,Cool,1196.038174048797,89.61372673936005
847,999,274,33,9.945083516847587,LED,0,Warm,1694.7467735611463,87.38040471929331
877,730,286,33,5.820098556793014,Fluorescent,1,Cool,962.3868074972004,84.48785917932304
688,753,327,26,12.56876898668337,Fluorescent,1,Hot,1866.1636633422895,62.96827219082458
916,1134,333,37,5.23499236892974,Other,1,Hot,1404.5489468507672,81.87891394750284
615,1447,315,19,13.567544389354644,Other,1,Cool,1553.9846448691383,88.91278375357786
660,656,306,8,12.667030820716796,LED,1,Cool,588.7894695620713,96.11165653482954
1154,1431,295,30,7.021588706883433,Other,1,Cool,1415.1135877763222,94.1902982452175
468,1159,270,14,8.11029108614252,LED,1,Warm,692.7262081733178,92.53983826735345
745,801,271,30,11.034757984201567,Other,1,Warm,1660.9083944594433,76.45918855226945
609,1484,319,16,5.2265519707023955,Other,0,Warm,491.19197831901687,93.5924723799558
450,528,337,26,14.928234379068556,Other,0,Warm,1950.9620070259448,48.26932012943619
1168,1313,280,30,14.066777037351208,LED,1,Cool,2321.067799193427,94.18933967195505
1060,930,332,13,6.46695770050765,Other,0,Warm,560.3883668775111,93.57553912009871
712,616,285,39,8.77802432309132,Fluorescent,0,Hot,1724.20267574138,57.41247469187877
785,1402,341,31,12.850014977316981,Fluorescent,1,Hot,2821.4605277815335,69.96401356736828
928,1139,302,28,10.931583449098566,LED,1,Hot,2231.6662784383575,81.01763601136507
1061,1165,287,25,10.18208418888175,Fluorescent,1,Warm,1756.1840174549502,82.0990513043312
483,860,308,24,8.975489484724285,Fluorescent,1,Hot,1473.4819629791725,61.965514240767604
540,1489,346,23,8.192643988591996,LED,0,Warm,949.5525632864038,95.17371447356685
1069,784,308,33,9.664803341319992,Other,1,Hot,2007.981699369707,74.4423046957635
989,870,306,6,10.413470695086962,Other,0,Hot,498.8457726105835,86.2106971091853
512,613,297,8,6.1831375659432535,Other,1,Warm,320.2492414090909,90.12882166277093
561,879,346,32,14.077466313478848,Other,0,Warm,2108.442781473924,72.2848084767551
790,848,267,5,10.620671143112077,Fluorescent,0,Warm,434.98530689066155,87.13625969436944
1166,827,313,7,14.649525790162036,Other,1,Warm,999.7209560748959,90.3753888078881
1003,763,293,39,6.9180662919934495,Fluorescent,1,Hot,1849.7023538257392,68.50171682381063
890,1411,327,25,8.876707699282264,LED,1,Hot,1884.9257369509241,85.81964517991355
406,829,266,37,6.494635061752328,LED,0,Warm,1021.1267599798613,79.18883570365311
913,1396,306,9,8.101808220374512,Other,1,Cool,709.9897223016553,96.35913617900776
1145,885,326,27,4.4107373298463495,LED,1,Cool,671.5473832013772,100.0
655,1233,268,38,14.332816239696658,LED,0,Cool,2757.8282174198034,79.51656099418027
899,1005,345,28,5.3708551110447615,LED,0,Warm,768.8244066952311,97.06698644453904
1126,627,340,21,7.224128312619353,Other,0,Warm,806.6379668915405,90.2791561256072
951,1461,284,13,5.67227288887389,Fluorescent,0,Hot,544.4331538006746,82.24053120756138
1126,1304,334,10,14.971585678725988,Other,1,Warm,1561.5344686871179,90.63176440265663
441,855,300,38,10.650136030189522,Fluorescent,0,Cool,2041.5565592356622,58.90347015270696
998,1128,345,25,7.164205631615397,Other,0,Cool,1023.1534866717512,94.73119593760575
686,1145,299,38,11.20620232520384,Fluorescent,0,Cool,2070.8987651460266,77.36448794587866
1084,900,285,25,8.59766233899397,Other,1,Cool,1258.3908969390643,90.94832583860898
1033,1057,323,6,5.995400425072953,Other,0,Cool,313.5540105274365,98.22186584334861
691,870,285,33,8.671547368503719,Fluorescent,0,Warm,1458.454083617135,74.97525575283595
695,510,295,39,15.391681564693188,Other,1,Warm,2993.0717278596076,39.75070753476535
805,568,315,37,7.238934668706339,Other,1,Hot,1522.5691655777712,68.85769877265288
1150,647,342,39,14.09835592372052,Fluorescent,0,Hot,2841.1930216820533,62.66929121767933
849,1000,332,13,8.218481933610626,Fluorescent,1,Warm,846.9903323592742,85.99016325117236
1040,716,320,29,6.956824398869282,LED,1,Hot,1422.3498281891336,83.06176618744348
571,934,271,23,7.775158681712931,Fluorescent,0,Warm,953.8693764268769,78.80022201874638
416,829,316,16,10.502811368540298,Fluorescent,0,Hot,881.3046300660635,68.82586351291692
1060,580,346,20,14.190347818783831,Fluorescent,0,Warm,1585.8383192085375,77.08995529155082
936,965,348,16,6.654513301835227,Fluorescent,1,Hot,1194.1412431245471,77.40193004338566
1181,834,266,13,6.311188333427565,LED,0,Cool,465.54284921447794,100.0
897,1326,346,33,9.690570599889565,LED,1,Hot,2257.4220890951087,84.0293919265614
801,942,276,18,11.155238541784637,LED,0,Cool,1031.3629512718621,95.09512449348905
1019,687,304,38,14.619980278279373,Fluorescent,1,Warm,2598.824106732059,67.57681058723543
763,538,274,8,13.488677978067562,Other,1,Warm,763.5391173721999,83.422997098632
796,1221,292,20,9.121804679858371,LED,0,Warm,943.5438637140089,95.35062988620354
1138,669,293,34,4.0028502829106145,Fluorescent,0,Hot,786.7925222124918,77.94569522324893
1180,640,277,36,15.191078913103034,Fluorescent,1,Cool,2846.9758263091494,67.78100881962892
671,939,269,34,9.013201386008005,Fluorescent,1,Warm,1653.3937130225377,72.48961294771347
758,839,264,5,6.865325749219628,Fluorescent,0,Warm,281.16548679864883,88.65067792312051
1069,823,277,29,7.327187748361283,LED,1,Warm,1213.1781118426668,92.043716547566
984,898,308,28,5.493250687562276,Fluorescent,0,Warm,875.1680777300322,85.56869194908111
839,818,305,28,9.608818134998437,Fluorescent,1,Hot,1642.8208436073357,69.3034178892298
625,652,330,8,6.780060416601321,LED,1,Cool,312.5550979054605,100.0
642,992,333,38,8.609087337894994,Other,0,Warm,1643.2297899067173,81.50336651557046
1152,1005,262,10,13.6092362455585,Other,0,Cool,928.6956723863697,93.8767275239422
920,598,279,39,13.098861708449096,Other,1,Cool,2576.3877780352086,66.43025739484833
461,644,347,7,13.789997499887413,Fluorescent,0,Cool,537.5584338090714,84.56387173703429
488,828,327,18,14.321521797015086,Fluorescent,1,Warm,1380.2922159545599,71.10688844831073
666,1116,315,7,7.275512498275779,LED,1,Warm,473.9003265398327,97.95174346099101
1137,831,301,13,7.948616384438452,Fluorescent,1,Warm,915.6449423901395,85.56084154284763
936,760,270,38,8.901438556848385,Fluorescent,1,Cool,1633.7705363077064,77.98751128451181
575,1101,277,10,15.545463671104597,Fluorescent,0,Hot,958.4331322102005,74.0690758324019
1087,1472,287,9,15.897704021740578,Other,0,Warm,1311.2692175293764,91.28912557117324
722,1067,299,38,10.525346895968791,LED,0,Hot,1924.9096221505997,78.2864950705861
1148,788,265,28,13.569112259283138,LED,0,Cool,1982.1792733220568,88.46291545189831
970,1315,300,17,14.044159940364064,LED,0,Hot,1371.4066705576345,87.83233809960339
744,1192,301,31,13.032599674691696,LED,0,Cool,1974.7765923390348,90.20441028027984
762,936,289,35,4.013441337761314,Fluorescent,0,Hot,766.0775496062583,77.56682995468574
657,1217,336,33,7.104259968374896,LED,1,Hot,1623.2428164332048,82.91579010488624
759,722,319,28,13.824153045998102,Fluorescent,1,Cool,1812.5483701023536,74.26280821377784
725,966,289,11,10.495198944113323,Other,0,Cool,692.6039470372161,93.15612636551505
971,834,296,33,13.46568378244893,Fluorescent,0,Hot,2359.2563139107588,65.31533038458515
883,741,327,31,5.996531043187268,LED,1,Hot,1295.673024441899,82.88847727416977
1104,521,349,22,14.458441673828515,Other,1,Warm,1855.4279408372229,78.51404615591183
1103,1186,288,16,12.995821980915096,Other,0,Cool,1368.3773164425033,92.735877277001
406,528,270,37,7.883322629794495,Other,0,Cool,1317.5573944468588,54.47228875900291
478,1427,310,15,12.199544519278062,Other,1,Hot,1273.1713756228592,77.95787036767572
684,1015,340,39,9.416644291956105,Other,0,Hot,1772.7455405816122,74.97981311814347
438,770,288,33,7.580493171879912,LED,1,Hot,1377.3852103067613,66.63857240237581
483,521,334,31,14.416651870387515,Fluorescent,1,Cool,2196.7406016469813,42.72699682008448
781,1247,315,32,12.775240803684227,Other,1,Cool,1993.8367045186365,87.00155080145188
969,1391,297,19,12.95004414437157,Fluorescent,1,Cool,1663.2543509631264,86.69037725214824
562,1331,284,28,8.422316124685134,Fluorescent,1,Hot,1647.3515419383655,69.4910080228268
983,559,305,29,14.42347801546733,Fluorescent,0,Warm,2238.468854200815,65.28741687426609
708,1019,338,31,14.137398737402652,LED,1,Hot,2595.5571515739352,73.71192215050458
1092,1035,319,7,6.225506496119852,Other,1,Warm,678.5068556951005,93.23616510262407
926,652,337,11,5.502229506430606,Fluorescent,1,Warm,508.1492406963795,87.00503104467658
1077,1443,319,26,10.983656822972785,LED,0,Warm,1679.9098092277202,95.22291013890627
516,885,347,12,7.724343507082885,Fluorescent,0,Warm,515.696484907737,85.49118811796444
673,1489,323,22,9.759266016605482,Other,1,Warm,1439.5543959121894,88.10500329779234
1006,665,291,15,12.33978263351851,LED,1,Warm,1138.1103026192172,90.30765192973398
791,1278,345,28,5.7510648884217455,LED,1,Cool,897.2499145815425,99.85462551099829
987,1388,305,36,4.22041164328648,Fluorescent,1,Warm,1166.3873095953898,86.4170167695926
1072,1213,299,36,15.294850050788638,Fluorescent,1,Hot,3759.6632449688136,65.66019157338859
401,724,292,17,4.990102413285055,LED,0,Cool,398.2644031204495,95.60415819037584
502,693,297,30,12.27357962964719,LED,1,Warm,1901.474623508423,65.19327906484125
542,1493,303,15,5.490639600736712,Other,0,Hot,492.2726816788176,85.9845519786762
472,858,291,16,14.451629484953028,Fluorescent,1,Warm,1371.0926010851522,68.7311721041591
1089,1359,321,24,8.073402310513673,LED,0,Warm,1057.1706402681752,97.54935740360834
713,521,285,7,4.489049273109673,LED,1,Hot,393.26884233382657,87.57070810069355
1099,1373,273,15,12.6979187184887,LED,1,Hot,2129.0329550232427,84.66330973876715
936,800,278,12,14.461993347677454,Other,1,Warm,1286.1691171122795,84.64287495856891
708,1194,291,22,4.250333671498457,Other,1,Warm,696.5291123420895,91.33710257315134
711,1372,318,7,4.97831787462912,Other,1,Warm,563.2489794486736,93.36855411256384
1154,534,320,33,9.020797464011832,Other,1,Warm,1659.9853432960363,80.1640663713249
1124,658,317,28,9.105920013376904,Fluorescent,1,Cool,1364.4994096504035,83.36002947169811
915,1231,279,28,10.519606280359461,LED,0,Warm,1698.1375068573323,91.19264295056077
649,616,325,19,14.808422368135101,LED,0,Cool,1382.84887025179,83.71390750617965
1173,794,301,16,8.606165822413555,LED,1,Warm,1023.4383880304587,94.69859080575563
1136,1366,285,12,8.86372219702892,Other,1,Cool,896.1375472186694,95.94742763009262
877,1098,301,18,15.656741128499675,LED,1,Cool,1577.2505958427842,94.11665825054469
952,817,319,18,10.177808247156282,Fluorescent,0,Warm,1046.4100957529208,83.56505551199989
483,629,329,21,8.692978439821129,LED,0,Warm,805.3586844038617,85.88517225218739
823,959,315,27,9.445474496603671,LED,0,Hot,1332.548846875445,84.28026283047325
794,509,326,18,7.970672355870063,Fluorescent,0,Hot,814.6730397577917,72.6331966444218
760,756,264,24,11.054612453324644,Fluorescent,0,Cool,1343.6046643910618,77.28414227394214
912,812,323,24,8.552303079069086,Other,1,Warm,1150.807947553494,87.37768747665933
603,664,308,32,14.370594132090027,Fluorescent,1,Warm,2479.025661804184,51.79547735095931
1019,750,320,24,7.236995338203876,LED,0,Warm,866.6501903450913,94.91257613391322
419,781,288,5,5.465318968120322,Fluorescent,0,Cool,175.62042770018616,91.27310221742056
597,984,318,9,5.2397074854881875,Fluorescent,1,Cool,383.4955530737704,90.89423792838669
675,1192,347,38,7.877567884843343,Other,0,Cool,1557.0427171136882,88.84624706845088
1196,684,298,35,7.050694958769919,LED,1,Cool,1113.90491816086,95.86150724886377
693,1351,282,20,15.2778375031221,LED,0,Hot,1612.8484689743314,82.78240091094787
774,507,344,5,12.769953698450516,Fluorescent,0,Hot,427.6268020430572,78.66440291357777
894,585,306,38,11.939588204453761,Fluorescent,1,Warm,2284.6058696414498,63.44866152802069
518,717,302,14,4.210191890344747,Fluorescent,1,Warm,435.31163780652946,84.23798611621766
702,1243,335,31,15.171384346083734,Other,0,Hot,2371.2185562294167,73.77635133510397
400,646,290,20,13.922066604542529,Other,0,Cool,1395.5221497797663,62.75429300256842
619,1461,323,10,7.817338643417434,Other,0,Warm,568.7841101650683,93.1056582230311
560,1180,348,17,13.388625808699281,Other,0,Cool,1336.335532535624,88.37758888098348
723,1109,263,23,13.694151303295103,LED,0,Hot,1617.921254068219,79.65518050961498
993,896,282,23,14.426807506486853,LED,0,Cool,1561.8912263276034,92.54985485461616
854,1100,344,19,11.56250497994973,Fluorescent,1,Hot,1739.8234442693042,74.23221994575147
1110,642,280,23,8.66269721524415,Other,1,Warm,1121.3866926419619,85.75992120984174
896,790,303,30,11.044740492413812,LED,0,Warm,1583.8996262799783,87.23001947933285
1021,1473,333,6,9.561928525606868,Other,1,Hot,1484.908799093555,84.0699677673626
849,953,287,33,8.094973931513877,Fluorescent,0,Hot,1375.876870516317,73.14976185916699
411,632,307,19,10.403230560722541,LED,1,Hot,1144.353904162813,66.29926124064386
725,1313,302,25,6.349335828202554,Other,0,Warm,883.5884809961634,90.8528987637204
735,1314,274,29,11.856316977176178,LED,0,Hot,1614.382086996871,82.79878560143328
540,969,278,38,5.995979292917706,LED,1,Cool,1077.1972613149017,90.18973247525265
772,1063,286,33,13.636310773991962,LED,0,Cool,1983.2012007396368,88.10025411350203
819,1169,277,6,7.271488008802406,Fluorescent,1,Warm,647.5617858117379,87.1164793806928
1043,589,348,34,6.173792194416164,LED,1,Hot,1268.6099908176732,83.13195250055179
558,1082,322,24,9.802547760639097,Fluorescent,1,Warm,1419.1796339747345,77.40009484750993
1174,1321,260,17,11.219341841755973,Other,1,Warm,1652.1003298082312,88.80550582101995
425,1020,274,14,6.0972813139285265,LED,0,Warm,424.6363843456541,94.84997542754773
1032,1136,301,12,13.239336403020147,Other,1,Hot,1581.2953887702402,81.03772066343073
979,549,283,23,14.21409113023325,Fluorescent,0,Cool,1732.23592954265,72.22305011413911
566,701,348,22,13.199873622404873,LED,0,Hot,1368.3897477429412,75.17897477335666
980,1186,308,39,14.43111549581263,Fluorescent,0,Cool,2864.703936712891,78.9952734151678
1072,1130,280,21,6.141351582733265,Fluorescent,1,Warm,1036.0835539853842,85.89067096966937
854,659,270,14,7.082606171748578,LED,1,Hot,779.9303582383786,84.73453157527572
476,1008,316,29,15.853426242578648,Fluorescent,0,Warm,2344.6817281353947,61.071466559522094
953,873,298,15,15.89507192442626,Fluorescent,1,Warm,1604.8551494667056,79.05379656056085
1099,801,278,8,12.692065805544894,Fluorescent,0,Cool,727.8181225935124,89.05190554414787
435,1243,295,7,8.814254968467793,Fluorescent,1,Hot,732.6792818401059,75.81325831087624
752,1390,329,8,9.308919237768034,Fluorescent,1,Hot,1220.8780482745158,77.89974834174525
827,1038,291,25,7.253769238002217,Fluorescent,0,Warm,1051.261913614175,83.58323747048352
1111,1061,326,7,6.283898353828814,LED,1,Warm,587.7093385342673,98.94123899891166
1013,708,294,38,9.356228214371706,Fluorescent,0,Warm,1753.6127993287082,75.36688198763031
515,763,281,9,6.103635308291915,Other,0,Hot,289.66255710326095,84.75332372036961
607,1117,321,34,9.404451235098222,Other,1,Warm,1809.858802766226,80.3686388826354
411,1156,275,16,15.774836492131646,LED,0,Hot,1102.4469623388622,78.12455044718095
678,847,264,24,15.124011615091543,Fluorescent,1,Hot,2149.029183516822,56.64985543711158
763,820,289,25,5.115149732552679,Fluorescent,0,Cool,716.0535215719675,87.07974348281884
1199,660,275,16,13.38433705204463,Fluorescent,0,Warm,1237.4459874048132,80.62738243848925
1137,1008,273,37,6.728287601153186,Fluorescent,1,Cool,1338.213297331378,86.44595180507558
1169,1486,332,5,7.666291727896283,LED,0,Hot,343.62885126249375,93.80835138748168
579,1201,282,30,11.207132000327407,LED,1,Hot,2089.2222825664526,73.69193733348011
542,841,319,16,15.167142575726995,LED,1,Cool,1224.9984489293827,88.15078899412845
441,1177,341,39,12.09164567690858,LED,0,Warm,2412.830553687513,74.73613717066311
466,1347,266,18,4.971031396615026,LED,0,Warm,465.1217270391697,96.4286367696777
804,1174,325,31,12.33941306682954,Other,1,Hot,2514.1204626880335,73.60888218657705
1167,765,284,6,5.590296072902181,Other,1,Warm,493.5307860422322,93.10691744567058
688,663,273,5,11.27503525301173,Fluorescent,1,Cool,421.19031889475497,88.23537443906675
882,1436,265,29,11.995682630020477,Fluorescent,0,Warm,2074.7628738792946,79.63683786580346
881,891,280,38,10.07329065816101,LED,0,Cool,1831.1956845138732,88.33700330955017
411,1299,272,35,10.07370235408293,Fluorescent,1,Warm,1869.6357607507537,66.2505993376411
1057,1488,319,10,4.003990073445873,Other,1,Cool,502.2628886406264,97.99786902737452
1062,966,290,9,13.369139032821277,Fluorescent,1,Hot,1489.5085801123523,74.98678909057475
1177,844,261,15,13.051042532126356,Other,1,Cool,1158.082894279583,91.0667348270783
482,1404,280,13,13.392352488929792,Fluorescent,1,Warm,1271.4661901685204,78.57968732142518
893,1382,266,20,12.299416666831831,Fluorescent,1,Warm,1999.8642146219595,79.81601470006274
951,1284,311,33,11.48675003549966,Fluorescent,0,Hot,2269.9316437837056,73.04535056578054
523,921,309,39,8.413112210527476,LED,1,Cool,1660.771850712693,82.68380373176457
1140,1097,264,6,5.605644835353864,Fluorescent,0,Warm,370.49655755066993,89.75560771589456
804,745,338,25,13.12347787746562,Other,1,Hot,1999.3192418920037,70.24927147460343
464,512,344,30,6.894417491194497,Fluorescent,1,Hot,1046.1881882988168,59.39684862080084
612,1192,341,36,9.854248527116349,Other,0,Warm,1779.493780276648,82.69313716263143
1102,1416,311,30,5.526397152249395,LED,0,Hot,843.3710933318051,91.52429050593275
945,1063,341,39,8.510659421749232,Other,1,Cool,1682.1312237829522,90.17866746280427
420,1053,272,21,11.904305754489322,Fluorescent,0,Hot,1136.8827671801328,66.09837626821638
824,628,261,33,7.3524125672165965,Fluorescent,0,Hot,1200.6888253824327,67.21994493562644
631,1288,287,15,9.945425241531781,LED,1,Hot,1240.8363019112246,84.36059435572356
1175,1454,345,12,6.72357633238437,LED,0,Warm,532.0628297153951,100.0
572,966,328,36,15.859303252001576,Fluorescent,1,Hot,3283.2684417829937,48.768243490084124
486,600,267,17,4.4562621788494585,Other,1,Hot,561.785192777676,75.56883132766973
834,907,283,21,15.478016779593762,LED,1,Hot,2172.41792364578,74.70385299845697
676,731,317,35,7.558426975451862,Other,1,Warm,1482.6410859211119,78.07034532650921
790,998,287,9,10.595392524627094,Other,1,Hot,1020.6844898543922,80.97843294002647
751,1019,323,14,4.251339532370954,LED,0,Cool,353.4774916572779,100.0
728,1461,338,7,5.456637017912877,Other,1,Cool,374.1457274464722,97.91851881138355
781,1335,337,29,10.3636255989899,Other,0,Warm,1559.923991617386,88.1208532716966
887,1269,272,36,12.976878153154384,LED,0,Warm,2429.0488390584405,86.1323688473015
687,787,270,14,8.05921007193398,LED,1,Cool,573.8976403053862,97.13734534088
523,1484,281,34,15.139810394182923,LED,1,Cool,2289.566046909337,84.00377287594844
571,787,310,25,7.430881470869922,Fluorescent,1,Warm,1059.878088745433,76.7835488839074
896,1279,306,22,11.6328491647579,Fluorescent,0,Cool,1572.212027016917,86.03312471952684
1060,1137,267,11,6.16713517810361,Other,1,Hot,1126.1397581610797,83.00085975469206
1061,734,348,26,10.474674645946061,Other,0,Cool,1395.4135033906691,89.70225272597884
1180,965,261,33,12.22357619339048,LED,0,Hot,1902.9416637960146,82.19423161657416
443,960,281,37,10.10032656299536,Fluorescent,0,Warm,1806.9708789368217,61.75874083648601
1102,1129,278,27,12.266623624601088,Other,0,Cool,1887.183589855249,89.08751110496347
527,728,267,20,13.74102660238852,Fluorescent,1,Warm,1553.8532626064566,61.662014195799614
660,1014,324,8,5.19013719504659,Fluorescent,0,Warm,327.0985138775077,88.98295584711987
890,972,269,25,12.796855552356098,Fluorescent,0,Cool,1734.2993956830217,80.0945354201247
630,1230,286,6,8.264614824228874,Fluorescent,1,Hot,845.3060767164159,77.3716204597894
997,733,349,16,12.948805392774785,Fluorescent,1,Hot,1728.0096324561962,71.44961624726342
413,1132,293,24,7.923179396056949,Fluorescent,1,Warm,1054.5293190178004,76.60340961968281
610,600,317,8,8.624510596568342,LED,1,Warm,427.3907742907346,94.6325908139709
531,519,269,28,6.606509172294526,LED,0,Warm,876.6632789679311,78.34904660724082
804,701,297,8,6.175831359106063,Other,1,Hot,583.5158335879904,83.02808434152156
419,772,330,8,10.121316549985902,Fluorescent,1,Cool,469.0349992681258,86.2120013132651
1097,554,263,28,12.117615246716348,Other,1,Warm,1877.480537190758,73.50728021981507
993,1414,290,23,9.979068187161444,LED,0,Hot,1312.3617604209148,88.55405037417256
516,1426,323,23,9.282387975465888,Other,1,Warm,1259.0033903843723,86.40538581959754
1139,849,314,37,5.063205156155407,LED,1,Cool,1011.7920593844987,98.3356131315028
1162,802,334,37,9.054976639528864,Other,0,Hot,1593.4196007520022,79.7615741894812
659,1159,306,31,12.230935252598364,Fluorescent,0,Hot,2016.6406418989895,67.74288337862623
537,549,262,17,12.403023513334253,LED,0,Warm,934.5920068154429,77.80062572423142
653,1129,329,21,15.155403074508211,Fluorescent,0,Hot,1731.0224617481297,70.72652634340798
980,848,323,24,13.631719717548524,Fluorescent,0,Cool,1859.9876432815224,81.14151984069555
473,1203,264,10,11.574047751480476,Fluorescent,1,Hot,1030.801547070251,71.27620056743258
1011,1337,300,35,15.071476697053477,Fluorescent,0,Cool,3006.7084133667076,80.17080790749914
947,1224,289,28,4.684656653815052,LED,1,Hot,1256.0513527031537,87.50091715106521
562,1450,273,14,7.263396713543572,Other,1,Cool,619.6028189728428,94.42972783039657
581,1490,348,17,7.217668241146161,Fluorescent,1,Warm,955.6032185938141,85.65595938424366
1018,1095,341,25,10.389048187302606,Other,1,Cool,1500.780327762629,92.10356894495932
918,569,274,22,12.789384782057077,Fluorescent,0,Cool,1388.6063082915146,75.59544806031082
598,1416,301,30,9.025519828889937,LED,1,Hot,1802.6988494451691,80.85437162857076
541,812,296,25,7.078360749330974,Fluorescent,0,Warm,840.2090533868383,79.07673210857534
704,1414,348,25,11.302327272357598,LED,1,Hot,2033.8993615029292,83.25756558778417
844,924,292,8,9.015879206445812,LED,1,Warm,625.3472308850218,96.50770371512017
688,1092,283,38,8.847734515918578,Other,1,Hot,2016.840379943954,71.02839772313769
442,1180,298,26,10.586063880640705,Fluorescent,1,Cool,1339.4751550574485,77.76369709846392
1009,1076,333,25,5.691515530261231,Other,0,Warm,818.6035363489207,92.47148363994553
421,611,316,6,5.170750122871597,LED,1,Hot,299.8078506846167,87.6232917404679
1078,585,335,28,13.443641619011995,LED,0,Hot,1922.981013096904,76.79521484819938
693,1455,318,14,15.736741815682343,Fluorescent,1,Hot,2010.564219787739,72.45921861116179
431,890,280,24,10.538173109014188,Fluorescent,0,Cool,1351.1621764449467,69.83991135541022
467,1377,345,19,6.45857528980855,LED,0,Warm,603.4311927691765,96.56013858426653
1079,557,287,30,10.695768865391678,Fluorescent,0,Cool,1678.628063917752,75.53627595372927
465,1420,262,12,7.389170784238141,LED,0,Warm,502.058039815773,96.19581384108574
1078,935,282,29,8.768576685823799,Fluorescent,1,Hot,1908.4799681054164,71.57117168579816
826,1414,328,15,6.445197509532269,Other,1,Hot,1132.3224990653484,84.08851173314778
875,796,295,25,7.748189222626163,Other,0,Warm,1011.2345477574964,87.15674451913323
958,1410,307,22,5.895457874024176,Other,0,Warm,816.3927480190374,93.06263082732299
1174,1347,262,7,14.766236091575427,Other,1,Warm,1451.2035218405592,89.99478715417887
439,985,292,32,6.424188020829879,LED,1,Cool,945.2893521257365,90.02691950186525
659,1489,329,23,14.588996420888066,Fluorescent,1,Cool,2040.6241144449532,82.3579646652538
923,1406,305,20,15.860991872944918,Fluorescent,0,Hot,1936.8406426204529,75.21328312969257
1069,768,293,8,15.96493788497994,Fluorescent,1,Cool,1015.1238078230115,86.55999967156181
905,1234,318,31,12.242331972100349,Fluorescent,1,Cool,2130.113643053326,83.0038493590634
1044,726,320,32,14.298124637885968,LED,1,Cool,2330.2908770309,85.7844405636259
771,985,309,10,12.522913583479738,Other,0,Hot,779.7575997161017,83.35430319192028
763,1375,332,25,7.0518637741398,Other,0,Cool,875.9752887709619,94.97013266206658
530,1087,289,30,6.932079289437594,Fluorescent,0,Cool,1024.0568629885838,82.69870561906
945,540,310,22,12.985916043559678,Other,0,Cool,1563.1834373365402,80.23700875087343
678,675,281,21,14.09737063701712,Other,0,Hot,1517.0595733722034,66.4064743042115
688,1223,275,38,7.901248185180387,LED,0,Warm,1449.0827422767647,89.47506182353409
647,655,306,10,14.268847106869437,LED,0,Warm,754.2984890633442,90.3666116448809
1039,690,326,8,14.396638171016104,LED,0,Hot,657.1126093106236,89.37674784660254
542,690,280,39,13.157863495106673,Fluorescent,0,Cool,2635.9256666056444,44.654953538278505
859,900,298,13,13.461368119039584,Other,0,Cool,1010.5138205603148,91.22756182891058
606,709,265,31,10.725287571765278,LED,1,Cool,1580.5277564599523,77.2369363033765
949,641,331,39,8.953133551192312,Other,1,Cool,1653.7738192933314,83.57316585299262
906,1095,284,28,4.32610019309013,LED,1,Cool,712.6645583221817,99.9411185750737
683,1479,304,11,11.456133967042355,LED,1,Hot,1343.0469849010553,86.25300777306832
472,1262,278,18,6.621318194599685,LED,0,Warm,544.8654080688036,95.41928499610901
1053,702,312,39,6.716217932097831,Fluorescent,1,Hot,1772.4214281764832,69.62989231466719
733,721,300,8,4.773895254990011,Other,0,Warm,233.10893403786986,94.0594510045498
1031,626,314,20,6.874122038914457,Other,0,Hot,678.9878236194413,83.2991586570823
831,1169,271,39,7.21332010586001,LED,1,Warm,1632.5380534208357,89.59752149464975
1060,824,307,24,6.642703616527781,Other,0,Cool,916.3332891025226,93.16541723002236
1083,1428,332,13,12.030403155256941,Fluorescent,1,Warm,1686.4475146851667,85.43086665475512
830,923,335,16,9.573198834706513,Other,0,Warm,981.5587974792186,89.35069962763646
926,1372,278,30,5.977896104161145,Other,1,Cool,1142.5406983108462,93.5301862189526
578,631,314,11,5.580321261664462,LED,1,Hot,499.1286970833185,86.28322793037381
1171,905,335,7,11.82669111454567,LED,0,Cool,563.9947673055312,100.0
760,1268,331,27,8.883662915611167,Fluorescent,1,Warm,1610.7005658986466,81.90086989113078
613,1164,341,21,4.477191579862835,Other,1,Warm,725.2033193779072,91.0389612483957
866,879,324,33,9.675656153146122,Other,1,Cool,1676.368283744914,86.40598784468524
823,641,294,24,6.483910941261121,Other,0,Hot,774.3387840424128,80.01482196560522
701,1380,321,12,4.440656350009854,Other,0,Warm,379.2283500420182,94.5575332772998
1001,1306,344,13,13.800186105408617,Fluorescent,0,Warm,1405.8368437392576,85.74785243719538
1188,1318,318,17,12.10504249056507,Fluorescent,1,Warm,1816.638111280592,84.70308233684018
893,1158,270,17,15.153120333677368,Fluorescent,0,Warm,1599.19918835649,80.54463915876914
418,831,331,12,12.051316056910094,Fluorescent,1,Hot,909.7785809102764,69.17439199245257
508,767,320,37,13.885484610655537,Fluorescent,1,Cool,2515.711106146629,54.64645357868259
1057,1461,327,34,13.60425854828088,Other,1,Cool,2595.9901614993933,89.71841472309504
819,1093,278,32,10.595003880665724,LED,0,Cool,1650.8308283901038,91.73266465387472
1154,1154,300,6,12.022871760674969,Fluorescent,0,Hot,839.4766681448791,80.7975190498831
504,701,325,15,11.184308827829168,Other,1,Cool,821.2946821379745,85.69469601009591
1112,876,298,32,6.062181775925135,Other,0,Hot,1015.0251804766272,83.00670812658073
853,1166,261,33,4.797326132269299,Other,1,Hot,1313.0641328411004,79.8835568527307
480,1436,271,39,9.3862368600965,LED,1,Warm,1920.1240871437292,81.44136277028868
710,1312,338,30,14.92161564138561,Other,1,Hot,2769.7584570763024,72.40606396394121
678,907,297,32,8.64871102802391,LED,1,Hot,1708.5121438366293,76.29082507776594
506,1157,295,39,4.931375736777291,Fluorescent,1,Cool,1062.196614169126,82.69932294331838
429,687,291,7,9.401480334183187,Other,0,Cool,365.0302574231456,91.48760354607428
571,1346,300,27,7.8264018198536665,Other,1,Cool,1036.6247901256952,91.00814772684285
517,1111,292,28,8.494634644241456,LED,1,Hot,1538.811951890281,76.65033698593551
839,1167,296,11,5.711129728982905,Fluorescent,0,Warm,451.87277943487726,88.8816730493405
547,1286,288,14,11.74986863543781,Other,0,Warm,975.2000147232801,87.37273531511167
818,926,270,9,10.373024138622913,Other,0,Hot,616.9552926243015,83.96669007189155
885,1332,290,8,6.008316797663536,Other,1,Cool,483.4776233426149,97.17146940428087
833,1336,289,28,10.0654614149254,LED,1,Hot,2026.830652013887,82.39629710939623
554,929,323,31,5.9202992375583285,Fluorescent,1,Warm,1063.3646741003129,79.20665171661226
661,1326,274,34,5.560573390133664,LED,0,Cool,910.4212019234799,97.4181216436793
523,1368,294,27,9.329532557989019,Other,1,Cool,1408.2361117944806,86.61031513087933
1185,700,288,17,11.282528098923159,LED,0,Cool,1002.5778815546207,96.60657456336966
1073,864,345,27,9.285296203749088,Other,0,Warm,1361.2700906585023,88.48780157807418
953,853,291,25,8.10937574601656,Fluorescent,1,Warm,1176.0024822869866,82.0573234061921
1003,1458,283,39,5.806257899960963,LED,1,Warm,1557.734098440626,94.47202046552385
538,1495,310,21,12.814935077456958,Other,1,Hot,1793.4834340593154,75.61392887705138
1063,1261,278,25,5.775809768390017,Other,0,Cool,792.1908361656092,95.74826035223172
916,1156,295,23,5.5884685484196694,LED,0,Hot,729.774398484888,90.32756470836087
1084,1058,271,25,12.950320463524143,LED,0,Warm,1810.872885038082,90.34710801612002
886,975,264,21,12.169070715525827,Fluorescent,1,Warm,1628.8829188538928,77.7150869797656
981,1028,278,30,15.771848537952222,Other,1,Warm,2747.8194844185396,77.39750839945943
1147,1319,329,15,6.438677093033047,Fluorescent,0,Hot,705.1940188092165,82.16642635575482
1114,1203,340,18,9.471751309119243,LED,1,Warm,1367.1606927266314,95.9990525467291
1003,1446,306,8,13.679072107915324,LED,1,Hot,1586.0448197876228,87.85248954955065
515,1440,340,21,14.163626250484725,Other,1,Hot,1990.2471156498107,74.21340888024454
546,1074,297,7,9.379828664433067,Other,1,Cool,516.6323745760955,94.06722005750078
686,1219,281,33,4.36659348512056,LED,1,Hot,1186.5657223331136,84.90078419166866
965,1405,301,25,8.304586305004161,LED,0,Cool,1068.59099392835,99.76313507649883
1095,785,316,34,4.106359421361627,Fluorescent,0,Cool,816.7590446253735,88.98614310335603
418,869,267,30,13.941631593389404,Fluorescent,1,Warm,2198.128456113582,46.67104108628765
400,1410,296,17,13.04113506708363,LED,0,Warm,1136.5704629319919,88.38381178201084
587,627,332,5,14.151057276132786,Other,1,Cool,447.6280621416338,92.67338155730715
664,1301,305,18,8.89051637238917,LED,1,Hot,1315.6087413935238,85.01354082758986
813,1490,334,39,10.589564035326072,Other,0,Hot,2285.1345226651097,78.7041611931287
689,544,320,23,10.270919192040942,Other,1,Cool,1288.6723103479685,78.51158451166759
927,565,299,21,10.007491216845015,Fluorescent,0,Warm,1139.3079474662588,77.44970654931676
587,821,325,30,8.834479391591646,LED,1,Cool,1345.6931743869238,87.81650796602392
510,1426,293,7,13.641792919562615,Fluorescent,1,Hot,1111.3944604951014,74.56864077421174
426,1129,312,5,10.587765393299701,Fluorescent,1,Warm,524.1638867235285,85.01383310068236
1069,936,272,25,6.575536879105634,LED,1,Cool,965.0162798895007,97.9084335344519
430,836,314,27,14.403201620222603,Fluorescent,0,Hot,1859.7267522656725,52.048533085198216
473,509,331,24,12.19140665468083,Fluorescent,1,Cool,1476.4446364074383,57.94556076110142
452,907,338,26,10.759467171445777,Fluorescent,0,Cool,1323.468220586373,75.89790102819285
659,704,318,27,12.647861743397359,Fluorescent,1,Hot,1853.0307801674605,59.87954882511093
689,1349,334,16,8.829359649204028,LED,1,Warm,965.9651791749682,95.7767989944815
840,1490,285,22,7.314034693850793,Other,1,Cool,1002.1829457547723,94.3809022233729
1175,1436,265,9,15.285382068834071,Fluorescent,0,Cool,1403.5961204942269,88.72181694548631
556,1167,270,5,5.5591590944284155,Other,0,Hot,230.20208114779473,87.37197295978933
851,1111,341,19,15.31580580179251,Other,0,Warm,1672.744331703785,86.6232449622527
482,676,329,16,12.101680733796016,Fluorescent,0,Cool,1026.135208445519,75.85545924676421
1128,1131,314,14,5.66939018669305,LED,0,Warm,474.6076419095733,99.63046368078757
1124,1416,272,37,7.341272899005215,LED,0,Hot,1424.2974272821284,88.41990419569191
1192,1105,332,25,9.704879294200884,LED,0,Cool,1231.9451815810664,99.36563779985075
1122,1151,296,21,8.32060559081174,Other,1,Warm,1354.16416925554,89.91497442325183
952,854,306,22,11.613089743439003,Other,1,Hot,1869.886084224089,74.96758005497209
626,735,330,17,8.998053182846547,Other,1,Hot,1053.1009312323017,76.12846952629506
927,1148,332,15,12.765956331505482,Fluorescent,0,Warm,1288.335543372807,84.70711646144353
499,1120,346,38,8.736812246137937,LED,1,Warm,1713.1333904973574,84.28151813021834
837,564,280,39,12.00239992661106,Other,1,Warm,2315.663446560852,61.9617148594686
448,617,313,14,10.525668734394849,Other,0,Warm,743.8789501245803,79.804106388228
924,1176,283,6,4.231931571011213,Other,0,Warm,262.14140015892343,95.29509618744255
797,637,294,29,12.834405100729144,Fluorescent,1,Cool,1963.4630496459183,68.69079989089794
935,1040,302,29,15.56199089065106,LED,1,Warm,2456.885407110984,85.26741640733937
587,1357,324,24,9.459026674091046,LED,0,Hot,1085.4745878764193,86.58824340822181
1003,1197,335,31,10.904264839018673,Other,1,Warm,2047.1191824703324,86.82034093248711
1081,1198,306,34,8.41280380966132,Other,0,Warm,1528.4303875253834,89.28614056503582
1135,1000,284,37,12.868318693455503,Other,0,Warm,2332.579896326602,82.52720793989823
918,1255,316,16,4.016243508585617,Other,1,Hot,1130.4487692247642,83.78977419669786
1046,727,310,13,10.563559016456658,LED,0,Warm,688.5631896800987,96.15820909520194
1175,724,346,29,7.493730973422148,LED,1,Hot,1496.7671736904124,84.82974800289995
1015,694,288,33,6.959243619736295,LED,0,Cool,1084.977209664437,94.30372374610945
811,704,338,27,12.059707378552357,LED,1,Warm,1718.492037605893,84.18986110985244
1030,1144,315,36,11.81148802141687,Other,0,Warm,2250.34346915106,84.87435073475037
730,642,291,32,13.323136123926705,Fluorescent,1,Warm,2291.810732535641,58.390823811990685
598,861,316,30,14.16633326840298,Fluorescent,1,Hot,2304.956774153228,56.66642580644731
906,800,342,15,15.779839886229375,Other,0,Hot,1400.1471550195379,78.7030973253397
811,1470,324,28,12.69977403908863,Other,1,Cool,2041.2358368732926,89.43085196300257
968,1058,290,30,5.7676365313476445,Fluorescent,0,Hot,910.538904655339,78.86846121952046
821,1422,274,36,10.007242853856491,Other,1,Warm,2164.7598027594454,83.46536979918866
676,1057,328,10,7.296445780574704,Fluorescent,0,Warm,480.37416928442354,87.90065834935362
1113,801,272,35,4.526799311716061,LED,0,Warm,847.6547168259663,95.00878924841346
917,592,267,37,5.643988756644056,Fluorescent,1,Cool,1070.555860110453,80.22807734616045
1067,991,329,20,11.638463761040253,Other,0,Warm,1355.2343621898347,89.20869100155151
651,1059,315,30,10.270476600784638,Other,1,Hot,1907.74976381504,72.43031797799077
673,518,346,22,15.774134041147533,Fluorescent,0,Hot,1598.065510662202,58.502576218966624
659,1119,288,38,12.379733886730873,Other,0,Hot,2397.46734105504,67.42255949135343
646,1019,272,12,13.277068500369595,Other,1,Hot,1274.3860646391724,75.76506778422711
894,1105,324,21,5.952396925702791,Fluorescent,0,Warm,795.2540081035686,87.0307476098434
485,543,268,14,13.413050296041012,Fluorescent,0,Cool,967.9032922466555,67.57253935804104
911,655,301,25,6.664910448319847,Fluorescent,1,Cool,944.8360768121306,84.47892077856766
855,1443,281,31,4.350037163743174,LED,0,Cool,701.641951808857,100.0
850,1375,272,14,14.81659715970322,LED,1,Cool,1262.8692904525421,97.05492739570593
1000,1104,330,7,8.70949823475376,Other,0,Hot,520.6491410241445,87.14180313447439
1028,1105,294,39,15.411143134030581,Fluorescent,0,Hot,2928.4084019343,67.46285403155994
673,1184,343,31,8.987246750888026,Fluorescent,0,Cool,1542.5404461096985,83.71229451931619
513,1268,317,30,15.018869040105244,LED,0,Hot,2175.6418774829854,73.89810175723184
1114,540,264,5,6.102661265269928,Fluorescent,0,Warm,235.64108580191328,89.03244939669595
753,1248,300,33,9.176567785288896,Fluorescent,0,Warm,1661.299694595809,80.21452300061996
1060,598,335,30,14.075915868505483,Other,1,Hot,2665.7528898593705,64.89281468728136
508,1199,330,11,14.150194605519612,Fluorescent,0,Hot,1027.0989025844474,74.78012872629236
1190,1373,343,19,10.534069228590736,LED,1,Warm,1509.4950559797787,96.61296159239672
508,720,267,23,11.125629769715387,LED,1,Hot,1416.551634823952,65.98951862124542
874,1335,274,39,10.083045255542014,Other,1,Warm,2295.049097929229,82.64250362399085
1106,866,283,31,14.029911134926191,Fluorescent,1,Hot,3055.3153917398795,62.456227710330026
935,1035,263,7,10.18791287027744,Other,1,Cool,582.6340154491397,95.42155372283696
832,970,312,27,15.172119650623598,LED,0,Warm,2123.672965712358,85.13182959736088
1080,1324,319,10,4.6556130400116675,LED,1,Warm,606.167119137653,99.34221438287425
1049,1179,266,25,7.6473101470603275,Other,0,Hot,1124.248299661604,83.16527090763142
1150,668,328,17,9.07155036416331,Other,0,Warm,811.7555150532522,90.55671862753879
705,1041,321,29,7.033763273070407,LED,0,Warm,964.651301216955,93.81053613055842
895,878,306,20,13.050979116184969,Fluorescent,0,Warm,1454.3763195425156,79.90327486452291
612,809,280,12,11.932171050967844,LED,0,Warm,736.079646081094,91.38067702860366
601,531,318,38,13.367580609106685,Fluorescent,0,Warm,2316.285497514338,46.351556828699685
920,1476,270,36,4.5090675784827,LED,1,Hot,1637.5378919201562,86.06728650397692
835,610,284,25,10.721100369320746,Fluorescent,0,Warm,1266.9905057164597,74.48263796973414
1152,1332,322,29,6.065070751543113,LED,1,Cool,1020.672434708806,100.0
593,603,274,36,5.178819906268966,LED,1,Cool,912.6274049064933,86.37051139908395
597,500,282,21,4.370294851696869,Other,1,Cool,489.09426091347535,88.37938484589674
644,1014,340,16,12.052663406318974,LED,0,Warm,930.9458644257113,93.61406130373427
508,682,323,5,7.743808243917021,Fluorescent,0,Hot,271.169817709801,80.15358348910551
527,951,277,23,13.386055157094955,Fluorescent,1,Hot,1542.8298723246867,62.77319017999591
818,987,337,37,15.643085316712686,LED,0,Cool,2581.9707190044164,86.02066675826822
714,1424,342,10,10.557163792934167,Fluorescent,0,Cool,782.8586438058272,90.49723750903806
567,838,324,9,12.621447367870601,Other,1,Cool,675.4731208760331,91.22461903098954
882,1158,335,20,5.580580342949123,Fluorescent,0,Warm,695.3251318995796,87.93560441480648
857,588,279,35,7.717454310509191,LED,0,Cool,1318.0021105049677,86.2507564695247
712,1496,331,11,7.75435793026156,Fluorescent,1,Cool,681.9039698229142,91.13175802262184
774,950,275,23,11.535920591249177,LED,1,Hot,1661.3232138057176,78.56813457655412
512,511,312,15,6.29713216599451,Other,0,Hot,453.0680832706815,78.8993602270805
539,900,265,37,9.16648251408628,Other,0,Hot,1654.5465730465173,64.25861894965804
458,532,321,23,12.130491346042408,LED,1,Warm,1422.7108343413227,65.6198494659975
849,1489,306,8,15.784594444191551,LED,1,Cool,976.4720750319691,99.95145758724914
614,1025,346,23,13.423225738192182,Other,1,Cool,1699.5017082434501,84.39070581360942
876,1259,279,33,7.903046871094624,Other,0,Hot,1380.9031023808789,81.02448945630525
601,516,325,10,10.573416332599834,Fluorescent,0,Hot,566.5007360594467,73.7585343040977
811,817,300,9,6.277783635665871,Other,0,Warm,330.23701630423477,93.67729655321506
1088,703,330,7,6.463995264481598,Fluorescent,0,Hot,358.52787070243284,82.1591077811541
744,1302,339,6,7.449539978767001,Fluorescent,1,Warm,656.8484384795036,87.99952510361669
838,794,288,24,7.567489483688004,Other,0,Warm,941.386271428897,87.17481249180808
547,607,278,24,5.105143038794829,LED,1,Cool,662.6529535918636,90.64195466084985
533,1218,286,14,9.408237699266957,Other,0,Hot,767.8071555467693,81.72931233495785
751,1059,329,6,14.393147603340298,Other,1,Cool,730.6681991018944,94.41506135322965
647,1289,289,29,4.605867332948895,LED,1,Hot,1145.6582384345363,85.4932945685824
848,1380,304,8,15.23520567295863,Fluorescent,0,Hot,1121.321189473135,78.69606825212004
1049,919,332,36,12.069525976300346,Fluorescent,1,Hot,2834.362715742663,67.28845940512197
575,665,276,14,4.099839306726304,LED,0,Cool,280.0531062728344,99.6927222352131
906,840,284,32,14.33583550978109,Other,1,Cool,2355.1530679078346,78.20668429351093
1043,1104,332,31,4.108649938964452,Fluorescent,0,Cool,848.6922822951868,90.55994057153629
776,540,301,24,6.448295988862944,LED,0,Warm,787.850323987043,89.50743157295709
438,868,282,36,14.938255519903798,Fluorescent,1,Hot,2785.3135601988834,33.040956797647596
765,568,302,38,4.750315548914148,Fluorescent,1,Cool,905.4911959464238,81.19941444184091
460,1445,326,37,12.074460023176957,Other,0,Warm,2247.9470555882617,76.25216453948724
674,663,318,17,13.44123404028553,Fluorescent,0,Hot,1235.788689404754,67.60703324917759
786,1469,324,31,10.257388290002561,Fluorescent,1,Cool,1838.322527899503,85.17206324661704
472,1008,265,29,8.003281468348519,Fluorescent,1,Warm,1233.4175528169933,72.43446554812867
1195,1364,313,13,4.420094977681668,Other,1,Warm,865.8961567473721,93.60555173025557
969,862,319,19,4.768076159303451,Fluorescent,0,Warm,596.0389668623551,87.52613450571604
462,1161,270,17,7.612552934011756,Other,1,Warm,781.1604185162491,86.21221541645556
487,1335,338,5,13.173288736906052,Other,1,Cool,541.067550946638,95.07558599743737
1153,620,260,25,5.925551371254717,Other,1,Cool,844.5630875105269,90.91201195381423
1020,802,343,23,5.325182360933232,Fluorescent,0,Hot,710.2782263361643,79.93721089193664
468,628,327,16,6.999483356771455,Fluorescent,1,Cool,669.3244828795822,81.0712078636761
676,560,322,28,13.471514179836227,LED,1,Hot,2101.449170119216,60.520711862028065
710,1313,291,36,13.436292796737778,Fluorescent,1,Warm,2583.7744699340665,72.95115997446564
713,1306,339,37,7.823307553163286,Other,1,Cool,1644.377883437489,89.58164341827349
536,505,294,26,10.259192752136299,Other,1,Warm,1350.8708460202538,63.049957174617575
475,970,339,7,8.974192777801507,Fluorescent,0,Hot,411.16282125430735,79.73523742065656
1125,956,288,27,6.151039068871369,Fluorescent,1,Warm,1141.5094598176458,84.62933609808329
444,900,344,6,10.38266894809017,Other,0,Cool,394.03501258330226,94.26701392405047
1019,517,281,37,8.142759444039669,Other,1,Warm,1709.7749251741943,73.9007493042587
898,1473,269,38,10.230694849362461,Other,0,Cool,2014.0374383914043,88.67948534079676
939,510,337,23,8.028085996468715,LED,1,Cool,937.8882069961772,93.37707590747003
762,1008,268,37,9.14733200116173,LED,0,Cool,1755.1164109469385,87.94759553000782
418,694,333,5,6.444005653272218,Other,1,Warm,266.3553298450377,91.485433204704
492,1443,336,33,9.269146783009942,Fluorescent,0,Hot,1419.7704193860368,73.0964251290117
681,516,330,17,8.702312478256312,LED,1,Warm,790.6747023438631,88.36305509171103
502,1320,324,21,14.28770682833009,Fluorescent,1,Cool,1688.769031026534,79.26822982083512
650,1264,262,19,14.62743717090128,Other,0,Hot,1594.9442413003915,75.18117468335484
543,524,313,32,12.367305028646284,Fluorescent,1,Warm,1862.8103126070823,50.16659885491282
492,1004,345,20,6.441237701633094,Other,1,Cool,672.4200644275777,92.10862377721847
598,1217,288,23,13.84718509211904,LED,0,Hot,1530.9955499402706,80.39102741643347
828,1282,262,15,4.90839672771745,LED,1,Hot,1061.934832329938,87.36325641747365
834,883,307,6,4.803683344303258,Fluorescent,0,Warm,256.25891863699235,89.73304001053538
933,1017,335,19,4.798776734970675,Fluorescent,1,Cool,618.6676425244235,91.10739806533843
732,1056,338,24,15.966188246835404,Other,1,Hot,2463.720788920555,71.14051695199954
1034,1245,326,23,4.840042145596789,Fluorescent,0,Cool,758.4731178902256,91.3853795746157
973,1143,319,15,11.880753816659295,LED,0,Warm,1074.645806700195,95.94177232829887
1018,595,289,6,11.940211460798277,LED,1,Cool,462.5059195889173,99.7157335894475
523,981,320,19,4.58389196394056,Other,1,Hot,742.6156344047882,80.95364952251492
535,700,317,36,10.216096796855497,Fluorescent,0,Hot,1806.0451419257183,54.573814222526465
1103,543,288,11,11.949807363299298,Other,1,Warm,867.976929205461,86.93600649838827
619,1401,288,21,7.09877223599392,LED,0,Warm,715.0337605211605,96.27421190513424
889,984,345,16,9.687054641393232,Other,0,Cool,990.4693840812974,93.43620366594355
668,766,313,20,6.4270501662944195,LED,0,Cool,593.5625520496202,97.58780357956724
785,1105,335,14,10.084715760864619,Fluorescent,0,Warm,862.5423792246434,86.06345592801722
606,835,340,30,12.353873741655104,Other,1,Warm,2051.320909771879,73.15344837672495
1057,817,321,7,15.268821753403499,Other,0,Hot,780.6408890276531,84.36778513104794
621,560,260,34,7.234142347507271,LED,0,Warm,1178.738134569298,75.92679888496713
1180,1422,266,26,4.757683515128695,Fluorescent,1,Hot,1681.0988836041374,77.46713793528671
836,1474,338,8,9.538275131063282,Fluorescent,1,Hot,1411.7355992149492,78.22104266284487
560,1039,267,5,9.5678815775731,LED,0,Warm,310.97735016901424,97.99646233788336
933,569,280,36,6.920760198622366,Other,0,Warm,1176.8073681387916,81.16626277786176
1089,1187,265,29,14.77503024349199,Fluorescent,1,Cool,2587.2928718493085,79.89394314171315
1098,1003,288,11,15.953892081985346,Other,0,Cool,1231.6902687791812,92.23331404302587
730,1492,313,31,15.986711344399488,Fluorescent,0,Cool,2796.019931544235,78.59658631000427
698,1456,290,31,13.679980636321798,Other,0,Warm,2128.0530783452127,82.55898709173117
858,1198,280,15,4.164382604906974,LED,0,Warm,369.0458968541748,99.4354673091643
907,803,294,26,4.17257735286502,Other,0,Warm,611.5163197222279,91.28826717327004
755,1427,314,19,10.139628614740925,Other,1,Cool,1273.0858053685952,92.47360341401891
841,854,262,20,8.977781432667367,Fluorescent,0,Hot,918.7021085053541,75.23551031489589
467,1072,288,23,9.307525665413623,Other,1,Cool,1023.6857800520735,85.79986371380637
473,1072,302,29,6.746505549801988,Other,1,Hot,1279.8264146196768,73.28454525733281
1021,1493,314,32,10.33212959466034,Other,0,Hot,1880.6702819050388,82.14172071397459
714,1400,310,25,15.773414894415229,Other,0,Hot,2273.3171836295446,75.32756855239164
867,1177,284,18,4.640175963866772,Other,0,Cool,537.1594696095293,96.29302777841707
588,1413,286,22,5.320759410413382,Other,1,Hot,1106.115498025707,80.6901013755083
742,924,318,29,11.783667481225788,LED,0,Cool,1713.0673759898727,89.28546829380002
857,1417,342,5,11.63128392192053,LED,1,Hot,1061.2344038446429,89.88948651909732
805,1225,306,21,14.048404957241807,LED,1,Hot,2106.501056677586,81.03830065904566
1053,933,279,37,11.316369101831391,Other,0,Warm,2242.0446756039187,80.64087617470338
517,1031,297,7,11.66838590697905,Other,1,Hot,824.7653500886169,79.58031127602885
489,593,272,17,11.013997546369483,Fluorescent,1,Cool,977.0316067625913,70.22542845785053
837,1037,334,12,5.1389012952081545,Other,1,Warm,642.5901773633589,92.56684009056396
549,1159,267,33,9.08002172983837,Fluorescent,0,Hot,1536.5478767706668,66.91122941645288
1027,938,275,11,10.01890839901538,LED,0,Warm,616.4162172337918,97.34630329252239
638,1451,307,31,12.849113029248127,Fluorescent,1,Warm,2477.6414382453077,74.56419573532324
578,711,296,21,11.471566403183896,LED,1,Hot,1333.2208195373555,73.07987974280144
1030,1324,267,19,14.168655166856485,LED,1,Hot,2217.250184766685,82.82109552090617
1142,808,271,21,14.230569054951646,Fluorescent,1,Warm,1912.6792548408687,76.70232649656435
749,1424,278,15,13.472913062963027,LED,1,Hot,1599.4005557844218,84.2117591070932
1162,775,309,28,5.211737281813133,Other,0,Warm,774.5097864649362,91.43339256384
963,1282,343,7,15.823645987447426,LED,1,Cool,889.0613284169015,100.0
492,1361,315,14,7.077556732201192,Fluorescent,1,Cool,589.9819272462935,89.40583950348983
448,919,272,36,15.70447932575705,LED,0,Cool,2753.499923637213,55.82406398666863
589,952,323,14,10.066105124678367,Fluorescent,1,Hot,1189.2913690723617,71.86701351630362
637,1419,303,27,4.987267891324743,Fluorescent,0,Cool,696.1803247326072,89.9162137218241
838,605,312,38,9.501177089577256,Fluorescent,1,Cool,1764.1958381896989,72.69394331110436
488,1187,277,16,13.324591427821073,LED,1,Hot,1359.2052149065312,78.05799842503646
902,1178,272,21,13.181923945801195,Fluorescent,1,Warm,1998.3030006156102,78.1716423263421
439,1159,349,31,10.273121698742438,Fluorescent,0,Cool,1757.3140771047767,75.20725632004509
827,537,342,11,5.404140698295354,Fluorescent,1,Cool,366.73561435224434,90.1707778772071
447,517,275,8,8.993744411687281,LED,1,Cool,385.8825656836403,92.85620595711195
628,889,342,17,10.951773599943255,LED,1,Warm,1065.205083036623,90.84227341347854
669,1106,313,8,15.642824132978522,Other,1,Warm,1023.3585452941325,88.16244288079268
586,985,322,32,5.983627433655535,Other,0,Cool,952.8161795019015,89.74703675237629
850,911,262,38,14.838289346013148,Fluorescent,0,Warm,3081.166759515626,61.625677093217064
646,571,321,10,8.494578920554975,Other,1,Warm,597.1165811852522,86.9140811819218
1010,1405,262,16,10.681418931138255,Fluorescent,0,Warm,1248.3574053998566,85.28462996881929
1101,807,348,35,6.618490414626066,LED,0,Warm,1157.0952348620483,94.51556530882739
1161,1095,281,8,4.007840689135595,Other,1,Cool,409.603845795881,97.70680301321418
675,999,336,21,5.824582809093902,Fluorescent,1,Hot,1055.3721333223816,75.68405148250207
880,1396,274,17,5.125318315084198,Fluorescent,0,Cool,638.6349209543424,91.20541745401627
508,778,305,12,6.490491234468442,LED,1,Warm,483.15707084244264,93.98367738929967
873,610,318,17,9.616828650811481,Fluorescent,1,Cool,994.565134189885,83.25394507328214
671,1386,261,22,10.155065977297188,LED,1,Hot,1632.2509834985515,81.55097884138767
685,1370,272,36,8.509660190153035,LED,0,Cool,1482.1402898691993,93.3871379757203
570,1480,280,21,10.126969089514718,LED,1,Warm,1406.8782194802006,90.0878021110191
1027,642,332,14,13.282632902378646,Other,1,Cool,1103.126202225463,89.92113470923194
816,1324,311,13,14.070164739763584,Other,0,Warm,1133.9057222087745,90.25054960684234
400,543,334,38,6.5860091064106125,Other,1,Cool,1148.4364256419742,68.33855974123647
636,1473,316,12,7.37259700200267,Fluorescent,1,Hot,997.4839937682094,78.26110040052602
589,767,324,15,10.82157878209528,Fluorescent,1,Hot,1056.2442344461213,70.5675959771909
905,1232,344,25,14.020791345460239,Other,1,Warm,2287.369041976581,85.07252527373711
967,889,345,12,13.30292862201939,LED,1,Warm,1057.7006505811985,94.86743994520671
548,614,325,23,11.645136409893311,Other,0,Warm,1221.0464182207581,74.66788379289974
672,505,278,32,14.17731082018756,Other,1,Hot,2236.2036805644534,42.593716810898094
698,1175,317,17,4.123413951228304,Other,0,Hot,454.2509496485644,86.50559459752158
687,1476,319,23,7.742553229164702,Fluorescent,1,Hot,1536.6030803577646,75.49924940537103
1195,1396,301,22,15.900352880469422,Other,0,Hot,2185.3681749853213,81.29568116275635
1008,946,335,12,15.26795706503173,LED,1,Cool,1023.7030228783483,98.59074566461994
536,866,275,16,7.275399936777854,Other,1,Cool,625.8548562664834,90.19408224049054
774,1153,284,38,6.272721014618153,Other,0,Cool,1222.9354135387455,90.34960901669407
759,509,342,7,7.531200839645372,Other,0,Cool,318.1957479923151,95.18342082849092
594,1453,286,20,13.410474092383202,LED,1,Warm,1675.5645898243176,88.4239609980554
955,781,306,38,14.273589988164922,Fluorescent,0,Warm,2744.42363649186,67.95054080372768
833,1351,271,27,7.540868191171713,Other,0,Warm,1084.7022442995944,89.88670380238803
645,1100,325,34,15.28264966685542,Other,1,Hot,2933.6547753955583,64.55495397282543
548,1484,343,26,6.08011663570337,Other,0,Hot,787.2874831046952,84.35511936430983
1164,642,311,19,9.20612707426293,LED,0,Hot,888.6204215800491,87.35288030603293
1188,1483,264,10,14.828956399433242,Fluorescent,1,Hot,2554.2481583752883,74.01673237421619
490,1029,280,32,14.476232728356592,Fluorescent,1,Cool,2235.0452579912762,63.33738127833249
1062,691,326,14,7.921536470293328,Fluorescent,1,Hot,1063.1629147887331,76.1118852970128
636,1192,314,33,6.715303009799198,Fluorescent,1,Hot,1566.611455181965,71.8378064032926
970,1251,261,5,12.396462473193715,Fluorescent,0,Cool,766.2993142885832,90.16096368526014
507,1343,298,30,13.473907581088628,Fluorescent,1,Cool,2169.022222505636,73.62068623162708
844,1392,313,32,15.802806478163957,Fluorescent,1,Hot,3136.2805832374816,67.94236231215933
646,1042,311,29,12.304135071359855,LED,1,Warm,1810.1060363750582,84.70687875693685
838,777,299,5,7.034297419001334,Fluorescent,1,Hot,586.9090748430804,78.9707319172438
804,834,340,26,9.728204777468816,Other,1,Warm,1530.5530242294597,83.57305038998248
607,507,321,21,7.9381537935713435,LED,1,Warm,795.277681751097,85.89921288970692
1173,662,273,12,13.700868866724292,Fluorescent,0,Warm,909.053967305174,83.4236792789762
908,1294,272,35,7.639430690191395,LED,1,Hot,1991.1027584934209,82.5395237767071
616,1429,285,9,7.741625643469224,LED,1,Warm,641.1027546122211,96.8890711206716
789,1209,318,22,7.985317399697495,Other,1,Hot,1434.8501722318008,80.53967348844706
798,518,322,39,4.921636579773058,Fluorescent,0,Cool,902.395868583106,81.44065936287417
1011,1174,291,28,11.341972241238658,Other,1,Hot,2228.980540891264,77.09303800503909
464,854,291,17,10.379932285173796,Other,1,Cool,884.0427516695015,84.66674271057681
527,897,296,19,8.743111785173893,LED,0,Cool,794.2701253669638,93.64718778753706
1131,1411,321,8,9.030194510825456,LED,0,Hot,531.7868956304426,92.92378188587276
683,1363,325,35,5.148748656932767,LED,0,Cool,855.4815344871524,99.34489445415261
1175,1082,316,20,8.838527598205873,Fluorescent,1,Hot,1717.7070448970962,76.44880357470556
857,729,277,9,13.371566363733223,Fluorescent,0,Hot,745.9735103261285,76.37884839726345
781,672,282,9,4.0967092401054375,LED,0,Hot,190.60185302857755,92.42434494906553
1033,993,263,33,14.980728790206669,LED,1,Hot,3107.5528904400912,71.96208316307646
823,1389,332,14,10.876506407428188,Fluorescent,1,Hot,1635.8743384115846,76.3793548080637
1023,875,322,7,13.941857606742893,LED,1,Warm,883.3554342023942,95.87048767988513
851,1348,300,23,8.149673180925099,Fluorescent,0,Cool,1184.916923202406,88.11383870722635
1125,1003,329,39,15.361074936306888,Other,0,Hot,3321.3944333930503,72.10626111052562
1178,1472,262,13,11.242345678013452,Other,0,Cool,1098.848187447,95.16258552248142
998,769,277,13,6.174199348600993,Fluorescent,0,Cool,470.79977502554334,90.57075613649269
446,1383,346,34,13.315485730191373,Fluorescent,1,Cool,2387.0919388908987,72.62999896250209
636,747,284,14,14.775575762173462,Other,1,Cool,1116.8857467558357,83.44448531487043
774,1138,300,29,11.94062419172748,LED,1,Hot,2108.8300301273903,79.03874281059302
515,547,269,39,6.819931330416299,Other,0,Warm,1175.975504305477,65.96287854433193
975,757,335,22,4.607469667228889,Fluorescent,1,Hot,943.3635713988845,77.36931027092858
730,1283,277,39,4.343829130931854,Other,1,Cool,944.7104418345879,92.71718252333856
763,990,306,16,8.369353300125994,Other,1,Warm,937.0629873510269,88.891927547336
1157,1141,349,31,12.513266375607698,LED,0,Warm,2040.5797333097287,93.14192946146393
974,1499,271,17,13.98836247593194,LED,1,Hot,2135.9038962832155,84.20352898793995
416,562,340,25,5.051095568871357,Fluorescent,0,Cool,614.657612034433,79.53483005420523
1012,1425,282,20,7.983979530853182,Other,1,Warm,1307.2033120892017,90.5712187256016
470,679,296,33,8.012814147864983,Other,0,Cool,1293.3876360607326,72.61584417303605
1186,960,280,31,14.929632051637759,Other,1,Warm,2436.3401695375883,81.71540385889953
684,1159,284,10,8.158705117798572,Other,1,Cool,541.7349681127963,95.18763025860437
545,1464,313,34,8.702926755326908,Fluorescent,0,Cool,1521.085633593106,82.8184726778911
870,533,272,33,8.137811292954037,LED,1,Warm,1289.3633271367391,81.55486683587836
1142,1414,297,10,14.501416534696563,LED,0,Warm,948.9340733137967,98.0427446576123
734,940,279,13,10.546985461504796,Fluorescent,0,Warm,854.8475763304114,83.11841321921305
677,1453,327,33,15.877076960912015,Fluorescent,1,Warm,3381.049489170503,70.97773590358365
